prompt,title,essay,competence,score
15,Efeitos da globalização nos hábitos alimentares,"['A epidemia global de sobrepeso e obesidade vem se intensificando na maioria dos países como consequência principalmente da mudança de hábitos alimentares e comportamentais das últimas décadas e do aumento da disponibilidade de comida rápida, barata e altamente processada.', 'Com a intensa globalização, os hábitos de vida das pessoas sofreram grandes transformações. Aplicativos de entrega rápida, maior socialização online, trabalho em casa ou mais restrito à cadeira em frente a um computador; todas essas mudanças diminuíram a necessidade de locomoção e, consequentemente, o esforço e gasto calórico, de acordo com pesquisa da London School of Economics (LSE). É visível , ainda, a relação com alteração da qualidade do sono, pois esse vem sendo interrompido por notificações de celular, por exemplo, interferindo na produção de hormônio melatonina, responsável pelo sono reparador. Assim, a pessoa acorda cansada, e com necessidade de consumir alimentos energéticos, contribuindo para a escalada do aumento de peso que é vista em todo o mundo .', 'Além disso, a facilidade de acesso e aquisição de comida processada e altamente calórica é um fator determinante para explicar a presente epidemia de obesidade e sobrepeso. Segundo pesquisa do Centro Rudd de Políticas Alimentares e Obesidade da Universidade de Connecticut, nos Estados Unidos, um dos fortes indicadores de obesidade em uma região é a presença de pântanos alimentares, que são áreas com alta densidade de estabelecimentos com comida barata e calórica - os ""fast foods"". Alia-se à isso o aumento da renda populacional - no Brasil, o poder de compra da classe média cresceu 71% entre 2005 e 2015, segundo pesquisa do Instituto Data Popular - e a necessidade de comidas rápidas devido ao menos tempo disponível que vem da mudança de hábitos advinda da globalização, de acordo com Cláudio Mottin, diretor do Centro de Obesidade e Síndrome Metabólica do Hospital São Lucas da Pontifícia Universidade Católica do Rio Grande do Sul (PUC-RS). Todas essas mudanças expõem causas determinantes para o crescimento dos níveis de sobrepeso e obesidade mundiais.', 'Tal crescimento nos números de obesos e com sobrepeso deve ser combatido com medidas positivas da Organização Mundial de Saúde (OMS) e do Governo como um todo, impondo restrições qualitativas e quantitativas às indústrias alimentícias, promovendo reeducação alimentar nas escolas e apoio nutricional completo pelo Sistema Único de Saúde (SUS). Assim, aos poucos, a população vai reaprendendo e se readaptando às suas atuais necessidades alimentares.']","[200, 200, 200, 200, 200]",1000
35,Escola Sem Senso Crítico,"['Em meio a recente polarização política, um debate vem ganhando relevância, o da escola sem partido. O projeto, segundo seus autores, tem como objetivo libertar o sistema de ensino da doutrinação esquerdista e da ideologia de gênero.', 'No entanto, é irônico que um projeto que diz defender uma Escola Livre traga como resultado uma maior restrição ao sistema de ensino e um declínio ainda maior da relevância da escola como local de conhecimento. O projeto, apoiado pelas partes mais conservadoras da sociedade, traz como discurso a criação de uma educação neutra, o problema no entanto é que tal ideal não pode ser alcançado, tal visão imparcial nada mais é do que uma defesa do conformismo e manutenção do status-quo.', 'À partir dessa ideia vaga é criada uma linha tênue do que pode ser ensinado e o que não pode. O que ali é ideologia e o que ali são fatos? O que ali pode estar atacando os valores morais ou religiosos de determinado aluno? Nesse espaço aberto a interpretações, encontra-se um constante policiamento e controle de qualquer discurso minimamente crítico.', 'A Escola Sem Partido, portanto, não tem como objetivo livrar a educação de qualquer ideologia, mas permitir o perpetuamento de ideias defasadas e atrasadas. Usando de um discurso histérico e hiperbólico uma camada da sociedade defende seus ideias conservadores, impedindo que estes entrem em atrito ou sejam debatidos na escola, um ambiente em que o senso crítico deve ser deixado em casa.']","[200, 200, 200, 200, 200]",1000
9,O dilema do ensino superior,"['Recentemente, o Governo Federal anunciou um contingenciamento de verbas para a educação superior, o que gerou grande divergência entre os brasileiros: enquanto uns apoiaram a medida, outros foram às ruas para se manifestar contra ela. Nesse contexto, alguns defenderam a privatização das universidades ou a cobrança de mensalidades para os mais ricos a fim de solucionar a crise financeira do ensino superior. Porém, o mais justo é manter esse serviço público e gratuito a todos, embora certas ações sejam necessárias para maximizar os benefícios dessa decisão.', 'Primordialmente Primeiramente, é válido importante considerar que as universidades públicas são as mais bem avaliadas do país. Segundo uma pesquisa do grupo britânico QS (Quacquarelli Symonds), UNICAMP e USP, por exemplo, estão entre as melhores da América Latina. Ademais, um levantamento recente da CAPES (Coordenação de Aperfeiçoamento de Pessoal de Nível Superior) mostrou que mais de 90% das pesquisas científicas do Brasil vêm das escolas superiores públicas. Sendo assim, a privatização das universidades seria prejudicial ao país, já que sua qualidade tenderia a piorar e a quantidade dessas pesquisas, a diminuir. Além disso, seria provável que tais estudos, lamentavelmente, fossem voltados somente a áreas que trazem maior retorno financeiro imediato. Desse modo, conclui-se que as instituições públicas de ensino superior devem continuar sendo do Estado.', 'Em uma segunda análise, convém lembrar que o Artigo 206 da Constituição Federal garante o ensino gratuito em estabelecimentos oficiais. Logo, ninguém deveria ser privado de ter uma educação superior gratuita e de qualidade, independentemente da de classe social. Infelizmente, isso não acontece na prática: boa parte da população, sobretudo os mais pobres, não tem acesso a esse serviço. Todavia, a cobrança de mensalidades não seria uma solução adequada para o impasse, pois não só violaria a Constituição, mas também poderia desestimular os mais ricos a ingressarem e realizarem pesquisas nessas instituições. Assim, é possível concluir que a universidade pública deve ser gratuita para todos.', 'Portanto, a privatização das universidades públicas e a cobrança da mensalidade dos mais ricos não solucionariam o problema da crise financeira no ensino superior. Contudo, o Poder Público precisa agir para resolvê-lo e proporcionar, ainda, uma maior igualdade de acesso a essas instituições. Primeiramente, verbas de setores menos relevantes (a exemplo das Forças Armadas) devem ser destinadas a áreas mais essenciais, como a educação superior. Além do mais, para esse mesmo fim, deve haver privatizações de empresas estatais (os Correios, por exemplo). Por fim, para que haja maior igualdade de oportunidades nas universidades, é necessário que as cotas sociais (àqueles que estudaram em escolas públicas) sejam ampliadas. Dessa forma, a crise financeira do ensino superior será solucionada de maneira justa e em respeito à Constituição Federal.']","[200, 200, 200, 200, 200]",1000
16,O que falta ao Brasil para prosperar?,"['O Brasil sempre é citado como um país do futuro: possui proporções continentais, clima predominantemente tropical, solos ricos em nutrientes e localização geográfica que não costuma ser afetada por fenômenos naturais devastadores. Contudo, apesar de tão favorecido pela natureza, ainda não embalou o desenvolvimento prometido pelo seu potencial. A que se poderia atribuir tal fato?', 'As eleições têm caráter obrigatório no país: é dever do cidadão exercer este direito. Porém, ainda assim, verifica-se o desinteresse da população através dos altos índices de abstenção. Um dos fatores contribuintes é o próprio cenário político: a cada ano surgem mais partidos, muitas vezes compostos por candidatos já conhecidos e que defendiam posições antagônicas, mas, em algum momento, perceberam que poderiam conciliar seus interesses. Com isso, os partidos já não têm mais uma identidade marcante e o eleitor enfrenta dificuldades para se sentir representado.', 'Entretanto, dada a história política brasileira recente, em que houve cassações e políticos poderosos foram acusados e condenados por atos de corrupção, é de se esperar que a população anseie por renovações. Educação, saúde, segurança e emprego estão sempre em pauta como problemas que requerem atenção e os grandes partidos que se alternaram no poder, nos últimos anos, não promoveram grandes evoluções, senão nos patrimônios de seus integrantes.', 'É por se encontrar neste impasse de promessa não cumprida que o Brasil chegou às polarizações apresentadas em 2018. Embora o partido mais conservador tenha sido eleito, o percentil que representa a oposição é muito expressivo. Por isso, não cabe falar na existência de uma “onda conservadora”, mas sim de uma população que necessita de soluções.', 'Assim, o que se precisa agora é que o eleitor satisfeito não se acomode: cobre pela implementação das propostas que conquistaram seu voto. E o que se decepcionou com os resultados também se mantenha participativo na busca por melhorias. O país somente poderá prosperar quando sua população se mantiver motivada e engajada em sua vida política.']","[200, 200, 200, 200, 200]",1000
27,A necessidade de estar sempre certo,"['Imagino que, em algum momento de sua vida, você já teve que defender seu ponto de vista com alguém que pensava de uma forma diferente da sua, certo!? O que é a coisa mais normal do mundo, afinal pessoas diferentes pensam de forma diferentes e todas vivem numa perfeita harmonia, ou pelo menos é assim que deveria ser...', 'Acontece que, em diversas situações, estamos tão concentrados em emitir nosso ponto de vista que a opinião do outro acaba por ser ignorada pelos nossos ouvidos e cérebro, já que, para muita gente , o importante é sair de uma discussão com seu argumento vitorioso, ao invés de considerarmos vitória a descoberta de uma nova forma de raciocinar , que somente uma discussão construtiva nos oferece.', 'Discussões nas quais ninguém sai aprendendo nada são bastantes frequentes em redes sociais. Quantas vezes, por exemplo, você já viu na internet um comentário totalmente distorcido em relação ao assunto da matéria , porque o usuário, simplesmente, apenas leu o título do “post” e já foi imediatamente recriminando a “suposta” e inexistente opinião do autor, sem, ao menos, tentar entender do que se trata determinado assunto . E a partir daí a bola de neve só faz crescer, pois outras pessoas fazem a mesma coisa gerando um mal-entendido gigantesco que talvez nunca se chegue ao esclarecimento de fato.', 'É essencial que antes de criticarmos uma ideia que, a princípio, vai de encontro aos nossos ideais, nos coloquemos no lugar do outro e tentemos entender qual o principal conhecimento que ele/ela está tentando nos transmitir. Fazer isso é educado, simples e essencial à compreensão do tema abordado.', 'Devemos parar com a ideia de que somente o que “eu” penso faz mais sentido do que outro pensa. Será que uma pessoa que muda de ideia deve ser considerada alguém sem personalidade? Creio que por mais absurda que possa parecer a ideia da pessoa com quem você esteja discutindo, se esse for um debate saudável em que ambos almejam entender o outro, o pior que pode acontecer é você sair com algum conhecimento a mais do que tinha quando entrou.', 'Atenciosamente,']","[200, 200, 200, 200, 200]",1000
21,Evitando o acidente,"['Ruas vazias, carência de produtos, filas nos postos de combustíveis, temor e incerteza. O roteiro de futuros distópicos foi encenado, recentemente, no Brasil, durante a paralisação dos caminhoneiros. A greve expôs o resultado de sucessivas políticas públicas que priorizaram o transporte rodoviário, tornando a população refém das estradas e do diesel. Afinal , a greve foi uma surpresa ou uma crise anunciada?', 'O capitalismo de compadrio, praticado não apenas no Brasil, corresponde à aliança entre o Poder Público e os interesses privados. O lobby das concessionárias automotivas atuou – e atua – fortemente em Brasília, influenciando (ou mandando) no planejamento dos governos. Em nome do “desenvolvimento”, o país escolheu o sistema rodoviário em detrimento do transporte ferroviário e hidroviário. Sob o asfalto, mesmo o esburacado, movimenta-se o Brasil.', 'Esse movimento tem um expoente: o caminhoneiro. Ele sente na pele (e no bolso) os impactos dos impostos abusivos, seja nos pedágios, seja nos postos de combustíveis. Como qualquer classe trabalhadora , a carga tributária onera a apertada renda mensal, fazendo com que a base da pirâmide social assista, do acostamento, a muitos enriquecerem com a exploração alheia. Sem dúvida, a greve surgiu como um grito de basta, transbordando toda a frustração acumulada de anos de descaso e incompetência.', 'Tal grito veio tarde, mas assustou os incautos. Assustou quem não acreditava que uma classe trabalhadora pudesse exercer seu direito à greve; assustou quem imaginava um povo omisso e resignado. Os grevistas perceberam que tem poder de parar uma nação. Ora, todos os cidadãos podem e devem parar uma nação que trafega rumo ao abismo. Resta a dúvida: qual caminho será trilhado? Quem escolherá a nova rota?', 'Certamente, apenas a população consciente poderá responder tais questões. Até então, a rota era guiada por quem sempre se manteve no poder, sucessivos políticos e empresários perpetuadores um Brasil asfaltado e atrasado. A greve dos caminhoneiros deve ser um alerta aos cidadãos de que o poder da mudança reside em suas mãos. Paralisemos o país antes que ele capote.']","[200, 200, 200, 200, 200]",1000
4,Prisão em Segunda Instância,"['A Constituição Federal de 1988, em seu artigo 5, é clara ao determinar que, salvo nas hipóteses de prisões cautelares, ninguém será preso até o trânsito em julgado da sentença penal condenatória, ou seja, até que não caibam mais recursos. Apesar da previsão legal, o Supremo Tribunal Federal (STF) fez um ""malabarismo interpretativo"" ao julgar legítima a prisão do réu em segunda instância.', 'Nesse contexto, a Corte Suprema, quando julgou o tema, se afastou de sua função precípua que é aplicar a lei, tendo em vista que a competência para elaborá-las é do Poder Legislativo. Sem dúvida, o STF, ao passo que ignorou a interpretação literal e lógica da Constituição, se comportou como um rei absolutista que cria e aplica as normas ao seu próprio alvedrio.', 'Ademais, erroneamente, argumenta-se que a prisão após segunda instância é necessária, uma vez que o julgamento completo de uma ação penal, com o esgotamento de todos os recursos, é muito demorado e, assim, o réu permanece em liberdade durante todo o processo, de modo a fortificar o sentimento de impunidade perante a sociedade. Contudo, é importante dizer que não é razoável que alguém seja antecipadamente punido por pura ineficiência do Poder Judiciário em dar celeridade às suas demandas. Ora, se há morosidade, isso deve ser solucionado de uma forma que não aniquile o princípio da presunção de inocência!', 'Portanto, tal medida validada pelo STF é um atentado contra a ordem constitucional. Por conta disso, para sanar tal controvérsia, deverá o Poder Legislativo aprovar lei que detalhe claramente a vedação à prisão em segunda instância, sob pena de violação a um caro direito fundamental.']","[200, 200, 200, 200, 200]",1000
30,A face obscura da internet,"['Uma das maiores preocupações dos pais, nos últimos anos, é encontrar maneiras para proteger seus filhos contra os perigos da internet, já que a facilidade para acessar este ambiente e disseminar informações de forma indiscriminada pode trazer consequências muito negativas à vida de crianças e adolescentes.', 'Prova disso é a quantidade crescente de jovens que sofrem ""bullying"" ou que tem sua intimidade exposta através da internet, levando muitos deles a caírem em depressão ou até mesmo a cometerem suicídio, tamanho o impacto que tais ataques têm em suas vidas. Os agressores, na maioria dos casos, também são jovens e fazem parte do círculo social da vítima, sendo que muitos não tem plena consciência do mal que estão praticando. O anonimato propiciado pela internet também facilita a ação de pedófilos que criam perfis falsos nas redes sociais para se aproximarem de crianças, incitando-as a compartilharem fotos e vídeos para satisfazer seus desejos pervertidos.', 'Neste cenário, muitos pais perguntam sobre qual a melhor maneira de defender seus filhos, já que é difícil impedi-los de acessarem a internet através de computadores e celulares, dada a ampla disponibilidade de tais aparelhos. Forçá-los a fornecer senhas de redes sociais ou instalar filtros nos navegadores não é o suficiente, pois muitos dão um jeito de burlar as regras impostas por seus pais. O melhor caminho, portanto, ainda é dialogar com os filhos sobre a importância do respeito ao próximo e da preservação da própria intimidade ao usar a internet, alertando-os sobre as ameaças ocultas no vasto universo cibernético.', 'Por fim, a sociedade não pode esperar que a tarefa de proteger crianças e jovens contra os perigos da internet seja feita apenas pelas escolas e pelo poder público. É fundamental que os pais estreitem os laços de confiança e amizade com seus filhos, pois o diálogo em família ainda é a melhor arma para diminuir o número de vítimas e agressores no mundo virtual.']","[200, 200, 200, 200, 200]",1000
19,A importância do conhecimento no combate à manipulação política,"['Após a eleição do empresário Donald Trump à presidência dos Estados Unidos da América pelo Partido Republicano, a discussão ao redor do mundo sobre as redes sociais como instrumento de manipulação política tornou-se mais frequente e mais importante. Com a proximidade das eleições presidenciais no Brasil, surge a seguinte questão: como os brasileiros podem enfrentar a manipulação política nas redes sociais e exercer o direito ao voto de modo consciente?', 'Os especialistas em educação tendem a convergir para a ideia de só ser possível não ser vítima de qualquer tipo de manipulação, em especial a de natureza política, por meio do desenvolvimento apurado de um senso crítico, o que só ocorrerá, segundo esses estudiosos, através da busca por conhecimento e da reflexão (sendo aquela uma condição essencial para esta ) constantes sobre vários temas socialmente relevantes, como educação, saúde, segurança, economia, direitos humanos, entre outros.', 'É de conhecimento geral, entretanto, que uma das mais seguras fontes de conhecimento (e, portanto, uma ótima ferramenta para auxiliar no desenvolvimento da capacidade de reflexão), a leitura, não está entre os hábitos culturais do brasileiro médio, fato possível de ser comprovado com o auxílio de pesquisas como a publicada em 2015 pela agência Nop World, segundo a qual o Brasil perde em horas de leitura por pessoa até para países vizinhos também considerados em desenvolvimento, como Argentina, Venezuela e México.', 'Mesmo assim, seria possível argumentar que há outros meios válidos além da leitura para a obtenção de conhecimento, como a audiência a programas culturais nos meios de comunicação audiovisuais de massa (televisão e internet), mas o fato é que, segundo o mesmo levantamento de 2015, apesar de o brasileiro passar muitas horas a mais em frente a esses veículos do que as que passa lendo, esses momentos são dedicados justamente a conteúdos não atrelados à cultura, invalidando, pois, essa linha de argumentação, e mantendo o eleitor médio à mercê da manipulação política por diversos meios.', 'É possível concluir, portanto, que a única maneira pela qual os brasileiros podem enfrentar a manipulação política pelas redes sociais, ou por quaisquer outros meios, e exercer o voto consciente é com a mudança radical de seus hábitos culturais no sentido de ampliar a busca pelo conhecimento para o desenvolvimento do senso crítico necessário à participação política efetiva, com essa transformação passando, necessariamente, pela ação governamental com a formulação e o aperfeiçoamento frequentes de novos projetos de incentivo à educação e à cultura de modo a, primeiro, conscientizar a população da importância do conhecimento nas mais diferentes áreas da vida e, depois, tornar cada vez mais acessíveis esses conhecimentos.']","[200, 200, 200, 200, 200]",1000
19,O combate impossível à manipulação inevitável,"['O termo anglófono ""fake news"" (em português, ""notícias falsas""), palavra do ano de 2017 segundo o dicionário em inglês da editora britânica Collins, tem se tornado cada vez mais relevante para o debate político público no Brasil, pois essas notícias, amplamente divulgadas nas redes sociais, passaram a ser mais um instrumento de manipulação política nas vindouras eleições de 2018, tornando importante a discussão sobre como os eleitores brasileiros poderão enfrentar essa manipulação.', 'Mesmo antes de qualquer debate acerca de ""fake news"", havia outras práticas em vigor na política brasileira com o fim de anular o valor do voto consciente e favorecer determinados partidos e/ou candidatos em eleições. Na história brasileira , por exemplo, não são raros os relatos sobre manipulação por meio de falsas (e, em muitos casos, irreais) promessas de campanha, compra de votos, voto de cabresto, coalizões partidárias eticamente questionáveis e ideologicamente incoerentes, entre outras práticas pouco republicanas.', 'Esses relatos, contudo, pertencem não só aos tempos da monarquia ou aos primórdios do período republicano brasileiro, mas também aos processos eleitorais mais recentes, com as coalizões duvidosas passando a serem articuladas de modo cada vez menos velado, significando , na prática, a quase inutilidade da luta contra essas atitudes politicamente danosas mesmo antes de as redes sociais sequer poderem influenciar, de qualquer modo, no resultado desses pleitos.', 'Com a interferência das redes sociais, esse quadro tende não a melhorar, mas a piorar, pois, apesar de essas ferramentas eletrônicas poderem ser ótimos instrumentos no combate a esses males políticos, torna-se cada vez mais nítido que são justamente os grupos mais interessados na manipulação do debate político público os que dominam esses espaços e disseminam as narrativas políticas mais aceitas pelo eleitor brasileiro médio, o qual, pela falta de senso crítico e de real interesse por política, inevitavelmente será refém de toda manipulação imaginável.', 'É possível concluir, portanto, que o eleitor brasileiro médio não conseguirá combater com sucesso a manipulação política nas redes sociais não só pelo histórico nacional de vulnerabilidade a manipulações dessa natureza, mas também por não estarem reunidos, na população, o senso crítico e o real interesse por política tão caros ao exercício consciente do direito ao voto.']","[200, 200, 200, 200, 200]",1000
29,A dependência também é compulsória,"['', 'O costumeiro descaso dos governos, independentemente de esferas ou de partidos, é o responsável pelo surgimento e expansão das cracolândias de São Paulo e de outras capitais do Brasil. Não só não se fez nada para combater o problema em suas origens, como se foi, posteriormente, “empurrando com a barriga”, provavelmente porque as diversas administrações paulistas e paulistanas acreditavam que aquela área decadente da cidade jamais viria a prejudicá-los na hora de pedir votos para se eleger. Houve até prefeito que tentou se capitalizar politicamente com aquela versão tupiniquim do inferno, acolhendo de braços abertos os dependentes de crack e até lhes dando uns trocados para sustentarem o pobre do vício, que viria da exclusão social e demais maldades intrínsecas ao capitalismo.', 'Desse modo, a cracolândia, que já ia de vento em popa sem a colaboração municipal, tornou-se ainda maior e se transformou numa espécie de Galeria Pajé dos psicotrópicos, reunindo consumidores e fornecedores a céu aberto, 24 horas por dia, sete dias por semana. Afinal, varrido em primeiro turno o prefeito anterior de Piratininga, complacente e solidário com a toxicodependência, uma intervenção de fato só acabou por acontecer no início da administração João Dória, com uma ação policial para reprimir os traficantes da área, ordenada pelo governador do Estado, que aparentemente não a comunicou ao novo prefeito, de seu mesmo partido, o PSDB, contumaz protagonista de vacilações e trapalhadas.', 'Não há dúvida de que a operação não surtiu o efeito desejado: a retomada pelo poder público da região privatizada por traficantes e drogados. Pior, ainda teve diversos efeitos colaterais, como espalhar os dependentes e seus fornecedores por outros locais do centro da cidade, para não falar do surgimento de movimentos e manifestações de protesto contra o governo tucano, capitaneadas por Organizações Não Governamentais (paradoxalmente sustentadas por verbas públicas), ligadas a partidos políticos ou à máfia dos autodenominados sem-teto.', 'Pois bem, as críticas ao prefeito de São Paulo – teleguiadas por todos sabem quem – obtiveram forte eco nos meios de comunicação, que procuraram declarações de especialistas e até de dependentes completamente “chapados” para reiterá-las e condenar a iniciativa, com a mesma veemência com que aplaudiam a ação deletéria da gestão anterior. No cerne dessas críticas, estava o pedido de autorização judicial para o estado e o município poderem internar compulsoriamente as pessoas que já se transformaram em verdadeiros zumbis, dados os danos causados ao cérebro pelo crack, o que lhes abortou há muito tempo o livre-arbítrio. O argumento essencial contrário à compulsoriedade é muito simples: alega-se que ele atenta contra a liberdade do cidadão, além de ser ineficiente, ao contrário das internações voluntárias – essas, sim, o caminho lúcido para o paraíso da sobriedade.', 'Ora, se o problema é o fato de a internação ser compulsória, se o que está em pauta é a compulsão propriamente dita, há um argumento irrefutável para desmascarar esses supostos campeões da liberdade e dos direitos humanos: o próprio consumo de crack por essas pessoas também é compulsório. É compulsivamente que eles se entregam ao vício e não por vontade própria, o que qualquer psiquiatra com um mínimo de honestidade deveria atestar. Além disso, uma internação compulsória é certamente menos cruel do que a compulsão pela ingestão do entorpecente, porque em vez de manter os adictos na situação degradada e desumana em que vivem, visa livrá-los da escravidão, do cativeiro em que se enfiaram até certo ponto por conta própria, mas do qual jamais se libertarão por sua própria vontade. Simples assim.', '']","[200, 200, 200, 200, 200]",1000
22,O direito ao foro privilegiado e os privilégios aos poderosos no Brasil,"['No Brasil existe grande quantidade de privilégios para os altos escalões do poder político, em especial a nível federal, mas estados e municípios também não ficam atrás, quando se fala em beneficiar os poderosos com mais regalias. Uma dessas benesses que vem causando grande discussão nos últimos tempos é o chamado foro privilegiado.', 'As críticas a esse instituto são muitas, mas a maior delas tem a ver com a impunidade. Não são raros os casos em que deputados e senadores ou outras autoridades com foro especial são denunciados por crimes cometidos e os processos acabam prescrevendo nas instâncias superiores, em especial no Supremo Tribunal Federal, talvez por acúmulo de trabalho para apenas onze ministros ou até mesmo pela falta de vontade política de se punir os poderosos no país.', 'Por outro lado, existe quem defenda o argumento de que o foro por prerrogativa de função seria uma proteção para o exercício do cargo público, uma vez que na primeira instância as autoridades estariam sujeitas a um denuncismo que poderia prejudicar o andamento dos trabalhos na função que exercem. Esse argumento pode ser facilmente refutado quando se observa a experiência de países como os Estados Unidos e a Suíça, que não adotam esse instituto e as autoridades não ficam impedidas de exercer suas funções por causa de um suposto entrave judicial.', 'Atualmente o STF está discutindo a redução do alcance do foro especial, visando limitar o instituto aos crimes praticados por parlamentares durante o mandato e em razão dele. Existem também iniciativas legislativas no Congresso Nacional para extinguir esse privilégio, apesar de que, como tem-se observado nos últimos tempos, os parlamentares não costumam legislar contra seus próprios interesses e esse é um tema bastante sensível para os deputados e senadores, em sua maioria respondendo a processos por crimes, como o caso dos denunciados pela operação Lava Jato por desvios de verbas públicas e recebimento de propina.', 'Assim, o que se observa hoje no Brasil é uma cultura de benefícios explícitos a autoridades, muitos deles injustificados nos tempos atuais , como é o caso do foro privilegiado. A Constituição Federal de 1988 diz em seu artigo quinto que todos são iguais perante a lei. Se isso é verdade, o foro especial não se justifica e é uma contradição a esse princípio.']","[200, 200, 200, 200, 200]",1000
20,A canção do sabiá,"['Com apenas 20 anos de idade, o poeta romântico Gonçalves Dias compôs, no século XIX, a “Canção do exílio”, expressão do sentimento nacionalista de retorno à pátria amada. Caso o poeta vivesse no Brasil atual, dificilmente rogaria à Deus para que não morresse antes de voltar aos trópicos. Segundo pesquisa Datafolha, a maioria dos jovens brasileiros – entre 16 a 24 anos – querem deixar o país, abandonar as palmeiras e os sabiás em nome do sucesso que raramente encontram cá, mas é abundante lá. Afinal, o que motiva esses jovens?', 'O Brasil foi construído sob a miscigenação de diferentes povos. Imigrantes portugueses, espanhóis, japoneses, italianos, entre tantas outras culturas vieram em busca da prosperidade que não desfrutavam em seus países. As Grandes Guerras do século passado, a fome e as perseguições políticas forçaram muitas famílias a cruzarem o Atlântico rumo ao recomeço de vida. Sem dúvida, as crises são fatores preponderantes na decisão de abandonar a própria pátria.', 'Dessa forma, a crise brasileira desmotiva sobretudo a juventude. O sistema de ensino público, carente de investimento, não instiga o jovem a produzir e transmitir conhecimentos. Universidades sucateadas, como a UERJ, são reflexos de um Estado omisso e despreocupado em garantir a formação intelectual da população. Ademais, mesmo com um diploma, conseguir o primeiro emprego não é fácil: a especialização exigida afunila, cada vez mais, a competição no mercado de trabalho. Estudar, trabalhar e aposentar: no Brasil, sinônimos de frustrações.', 'Inclusive, no clima de desesperança, nuvens negras do fascismo e da intolerância já são vistas no horizonte. A juventude assiste ao despontar de lideranças autoritárias, cujos discursos já se ouviram na ditatura: “Brasil, ame-o ou deixe-o”. Inevitavelmente, com a democracia ameaçada, a educação abandonada e o emprego que mal paga as contas não bastam estrelas, flores ou amores suficientes para permanecer no Brasil.', 'Assim, torna-se evidente que, sem estímulos, cada vez mais jovens abandonarão a pátria rumo aos países desenvolvidos. Lá, encontrarão boas escolas, universidades e empregos, além de impostos menores (comparados aos brasileiros); enfim, encontrarão oportunidades de ascensão social. Somente quando o Brasil ofertar dignidade para a sua juventude não haverá fuga da nova geração. Caso contrário, quem ouvirá a canção do sabiá?']","[200, 200, 200, 200, 200]",1000
7,Problemáticas para utilização das criptomoedas,"['As reflexões acerca de como o uso das criptomoedas pode representar uma revolução econômica mundial atestam a relevância do assunto na atualidade. Entretanto, embora essa tecnologia de criptografia possa exprimir uma política monetária dos novos tempos e proporcionar grande autonomia para seus usuários, há uma série de problemas que podem impedir uma revolução dessa proporção. Entre esses problemas estão: a resistência dos governos diante da perda de controle econômico em seus países e os riscos que apresentam para seus investidores.', 'A criação das criptomoedas foi possibilitada pela tecnologia blockchain (cadeia em blocos), composta por uma base de dados que armazena o histórico de transações e possui uma forte criptografia nesse processo. Assim, diferentemente das moedas tradicionais, as moedas virtuais não são controladas pelo Banco Central, ou seja, o seu uso é livre de instâncias burocráticas. Dessa forma, como a maior fonte de poder para os governos são os seus bancos centrais e o monopólio de dinheiro, a possível mudança de um controle monetário centralizado para um descentralizado apresenta sofre de forte resistência dos governos, pois acabaria com tal poder. Um exemplo dessa perda de controle é que o governo ficaria impedido de emitir e valorizar a moeda e ainda de bloquear o dinheiro das pessoas, como historicamente já aconteceu em políticas econômicas de alguns países.', 'É inegável a relevante transformação econômica, política e social que o uso das criptomoedas pode proporcionar para a sociedade atual vez atual, uma vez que elas desburocratizam os processos, eliminam intermediários e permitem a descentralização da moeda. Todavia, existem riscos para os investidores nessas moedas em razão da abertura que elas oferecem para operações ilícitas. Nesse sentido, a moeda virtual é baseada em um software de código aberto que permite o anonimato das pessoas e, devido à dificuldade de rastrear os usuários, o mercado das moedas virtuais estimula a prática de crimes como a corrupção e a lavagem de dinheiro. Os bitcoins (primeira moeda virtual do mundo) utilizados pelos investidores no intuito de movimentar grandes quantias não declaradas são um exemplo dessa prática ilícita.', 'Portanto, verifica-se que vários são os fatores que impedem uma revolução econômica mundial proveniente das criptomoedas. Diante disso, para se esperar um crescimento considerável desse novo tipo de dinheiro são necessárias relevantes medidas, entre as quais estão a regulamentação específica da moeda virtual no que concerne a sua utilização e comercialização e o atendimento a critérios amplamente divergentes como a descentralização com proteção ao consumidor e a preservação do anonimato dos usuários sem ser um canal de evasões fiscais e outras ilicitudes.']","[200, 200, 200, 200, 200]",1000
3,Pré-Conceito,"['Desde a pré-história, o homem sempre se utilizou do conhecimento inovador para evoluir. O fogo, a faca, a escrita, os meios de transporte, de comunicação (rádio, tv, internet), entre outros, foram marcos tecnológicos, cada qual a na sua época, que facilitaram o processo de evolução da espécie humana. Portanto, é inegável que essas tecnologias trouxeram benefícios à humanidade e, nesse contexto linear, tendem a progredir infinitamente. Entretanto, sempre houve e ainda há pessoas que fizeram e fazem mau uso de tais instrumentos, o que alimenta o medo e a insegurança de parte da sociedade diante do novo.', 'Aqueles que são contrários ao desenvolvimento tecnológico sustentam suas crenças com base em fatos negativos que afetaram profundamente a humanidade, como, por exemplo, as consequências nefastas do regime nazista na Alemanha. Não se pode desprezar a possibilidade de um revés no uso da ciência e da tecnologia, visto que, em última instância, têm o poder de causar o extermínio da própria humanidade, assim como ocorreu, em menor proporção, com a bomba atômica em Hiroshima. Todavia, prender-se a isso seria ter uma visão pessimista do progresso, tal qual teve a personagem do episódio ""O velho do Restelo"", do livro ""Os Lusíadas"", de Camões.', 'Já os que defendem o uso da ciência e tecnologia, em uma visão mais otimista, encaram-no como meio de superação dos limites humanos. Esse olhar encontra respaldo no fato de que todos os avanços tecnológicos promovidos pela ciência, em qualquer área, sempre contribuíram para que o ser humano transpusesse suas barreiras pessoais ou do meio em que vive. Como exemplo mais antigo, tem-se a elementar descoberta do fogo, e, na sociedade atual, a utilização da Inteligência Artificial (IA). Prova disso é o uso da IA nas escolas para melhoria do processo de ensino-aprendizagem, na medicina para diagnósticos mais rápidos e eficazes, entre outras áreas, conforme recente matéria publicada no portal de notícias ""G1"".', 'Portanto, a evolução da humanidade por meio da ciência e tecnologia, atualmente denominada de revolução transumanista, ainda que utopicamente, é algo inerente a sua condição, faz parte da história da sociedade e é um ""caminho sem volta"". Apesar da possibilidade de ser empregada com finalidade diversa, ela (a revolução transumanista) não deve ser vista pelo lado negativo da teoria darwinista, em que só os mais fortes sobrevivem, mas sim pelo lado positivo, científico, que denota a evolução da espécie humana. Será que a humanidade teria sobrevivido se o homem, à época, tivesse se prendido unicamente nos malefícios do fogo?']","[200, 200, 200, 200, 200]",1000
19,A boca invisível,"['Com certeza, um dos assuntos mais comentados e discutidos esse ano foram as notícias falsas e suas possíveis implicações nas eleições presidenciais. Divulgadas em plataformas que possibilitam a interação dos indivíduos, como o facebook e o twitter , tais notícias (que não são notícias) têm grandes influências sobre pessoas que não conhecem seus verdadeiros propósitos.', 'Infelizmente, as redes sociais, o meio que pensamos ser o mais democrático para se informar, discutir e verificar os fatos e as notícias, são palco para indivíduos não preocupados com a verdade e a busca de melhorias para todos, e sim com o próprio umbigo e a garantia de seus poderes. Em se tratando de política, são pessoas e movimentos muitas vezes extremamente radicais que não toleram diferenças ou mesmo o diálogo, e criam perfis falsos para divulgar informações nem sempre verdadeiras a seu favor e atacar adversários, disseminando, assim, o ódio.', 'Esse é um cenário preocupante, visto a proximidade das eleições presidenciais e o impacto que esses perfis geram na escolha do candidato. Para se ter ideia da gravidade da situação, em 2016 Donald Trump foi eleito nos EUA com a ajuda da boca invisível, os boatos virtuais. Além disso, um dos movimentos que tiveram grande protagonismo no impeachment da presidenta Dilma Rousseff teve 87 perfis retirados do ar recentemente pelo próprio Facebook por “violar severamente as políticas de autenticidade da rede social”, segundo o jornal Folha de S. Paulo.', 'Nós, cidadãos, devemos ficar bastante atentos às informações que nos é passada , principalmente via redes sociais, inclusive o Whatsapp. É necessário verificar sempre as fontes das notícias ou apurá-las em jornais reconhecidos para saber se não estamos caindo em alguma armadilha. Além disso, para contornar o problema, jornais e profissionais da comunicação estão cada vez mais criando plataformas de checagem de informações; a Agência Lupa da revista Piauí e a Truco da Agência Pública são dois bons exemplos desse novo serviço da área.']","[200, 200, 200, 200, 200]",1000
37,Vamos falar sobre isso até que não aconteça mais,"['No mês de maio deste ano, ocorreu um crime bárbaro que chocou o brasil provocando as mais diversas manifestações de indignação: o estupro coletivo de uma adolescente de 16 anos no Rio de Janeiro foi o principal assunto de várias manchetes brasileiras.', 'Não só o corpo da vítima foi violado por 33 homens como imagens do ato foram registradas e divulgadas nas redes sociais pelos próprios criminosos. Como se não bastasse ter sofrido essa violência, ela foi culpabilizada por muitos através das redes sociais, recebeu milhares de críticas e ameaças de morte vindas de pessoas do país inteiro. É por conta desse tipo de reação que grande parte das vítimas não denuncia os estupros e outros tipos de violência que sofre.', 'Independentemente do comportamento e da aparência, seja garota de programa, seja promíscua, esteja bêbada, esteja sozinha com vários homens em um quarto, nada, absolutamente nada vai justificar uma violência. Infelizmente, quando um estupro acontece, a primeira coisa que se passa pela cabeça das pessoas é se questionar se a vítima está falando mesmo a verdade? Certamente não é o que ocorre com outros crimes, a não ser que você duvide toda vez que alguém afirma ter sido vítima de um assalto. A resposta é simples: por conta da cultura do estupro, que é muito enraizada na nossa sociedade. Basta dar uma espiada nos comerciais de cerveja, em algumas novelas e revistas. Ao disseminar termos que denigrem as mulheres, permitir a objetificação do corpos delas e glamurizar a violência sexual, a cultura do estupro passa adiante a mensagem de que a mulher não é um ser humano, e sim uma coisa.', 'O que mais revolta é que casos terríveis dessa natureza não são inéditos no Brasil e, com toda certeza, não serão os últimos. Isso porque a legislação penal vigente no país é extremamente branda a quem comete crimes, inclusive hediondos. E infelizmente, enquanto não houver punições mais rígidas contra esses monstros, os cidadãos de bem continuarão sendo violentados e sofrendo todo tipo de atrocidade.', 'Portanto, medidas precisam ser tomadas a fim de combater a cultura do estupro. É necessário punições mais severas e investir em campanhas de conscientização da sociedade. A educação é fundamental. Em casa e nas escolas, os pais e professores devem ensinar as crianças desde pequenas o respeito ao próximo, campanhas contra pequenos atos e comportamentos que legitimam a violência contra a mulher. Assim, o Brasil será referência mundial em previnir o estupro.']","[200, 200, 200, 200, 200]",1000
27,"Curitiba, 2017","['Curitiba, 2017', 'Aos senhores “donos da verdade”,', 'Peço encarecidamente que não propaguem seu ódio a ideias que divergem das suas, pois não estão realizando uma discussão, mas uma briga irracional por ideologias. Essa deselegância cria haters, grupos sectários intolerantes e ditadores que espalham agressões verbais e físicas e menosprezo aos demais.', '', 'Exemplos desse comportamento podem ser vistos diariamente, como a agressão sofrida por um homem que vestia camisa do Bolsonaro e as vaias de estudantes recebidas pelo deputado Van Hattem', 'Sendo assim, para que tenhamos um convívio social saudável e enriquecedor intelectualmente , é necessário respeitar as diferenças, e, em casos de discussão sobre determinada questão, um bom argumentador ouve o ponto de vista dos demais e contra-argumento baseado em fatos válidos e que sustente sua tese.', 'Entretanto, se não for portador de conhecimentos que possam amparar seu ponto de vista, não é hora de apelar para o desespero e o ódio, como em um campo de guerra , e ofender o interlocutor por seu físico, sexualidade, raça, entre outras questões destoantes do tema original. Nesse momento, a humildade de admitir que o outro está correto ou que lhe falta conhecimento aprofundado sobre o assunto é uma oportunidade de crescimento intelectual ou até de mudar de ponto de vista, pois, como dizia Winston Chuchill, “não há mal nenhum em mudar de opinião. Contanto que seja para melhor”.', '']","[200, 200, 200, 200, 200]",1000
2,"Ministros, não heróis","['Nos últimos anos, a Operação Lava-Jato, responsável por desmantelar grandes esquemas de corrupção, deu grande crédito ao Poder Judiciário, sobretudo por causa da atuação do ex-juiz Sérgio Moro, o qual foi visto como um herói nacional. Em oposição a isso, o Supremo Tribunal Federal sofreu diversos ataques, em virtude de suas decisões poucos populares. Tal percepção negativa, no entanto, não deve ser vista como algo necessariamente ruim, pois nem sempre a defesa dos valores constitucionais agrada à maioria.', 'Nesse sentido, é preciso dizer que a função principal da Suprema Corte é de guardar guardar a Constituição Federal de 1988. Esta Essa, por sua vez, possui um mecanismo de defesa inclusive contra a vontade do povo: as cláusulas pétreas. Estes Esses dispositivos, por guardarem valores essenciais à democracia, não podem ser alterados em nenhuma circunstância, seja por proposta de emenda ou plebiscito. Eles foram criados para resistir a ondas totalitárias e até mesmo a vontades populares eventualmente imbuídas de desejos de discriminação e de violência. Em certa medida, portanto, a Carta Magna pode ser antipopular e, da mesma maneira, será o STF, cujo papel é o de velar pela sua validade.', 'Na verdade, a insatisfação gerada ocorre, em grande parte, por um motivo: a população brasileira não conhece quase nada sobre a legislação pátria. As escolas regulares do país preocupam-se mais em ensinar ensinar, por exemplo, a diferença entre mitose e meiose nas aulas de Biologia. O que é ensinado sobre Direito Constitucional? Nada! O resultado disso é desastroso: pouquíssimas pessoas sabem qual é o papel do STF e quais são seus deveres ou limitações. Assim, quando tal órgão não atende ao cego clamor popular, surge uma reivindicação em massa que pede o seu fechamento.', 'Por fim, depreende-se que boa parte das reclamações quanto à atuação do STF surgem porque a população é ignorante. Para que isso seja mudado, é imprescindível que o Poder Legislativo crie uma lei que insira a disciplina de Direito Constitucional no Ensino Básico. Tal medida, provavelmente, poderá disseminar o caro conhecimento de que a função da Suprema Corte não está relacionada a heroísmos, mas a à defesa da Constituição Cidadã.']","[200, 200, 200, 200, 200]",1000
28,De amor e de esperança o Brasil não desce,"['Após as famosas manifestações de 2013, muitos achavam que o povo brasileiro havia se tornado politicamente consciente, abandonando seu comportamento apático, outrora conquistado , para se tornar mais participativo, sabedor de suas responsabilidades.', 'Infelizmente, a teoria supracitada não vem se confirmando. Qual(is) seria(m) o(s) motivo(s) ? Evidentemente a análise para tal questionamento não é tão simplória quanto gostaríamos.', 'Há uma imensidão de motivos para tomarmos às ruas e demonstrarmos toda nossa insatisfação com o atual cenário político e econômico (foco no político) , todavia, será que vale a pena o risco de um cidadão de bem se misturar com baderneiros de face encoberta, ser alvejado por tiro de borracha ou sofrer os efeitos colaterais de bomba de gás lacrimogêneo e como recompensa saborear uma indigesta pizza?', 'Se tornou corriqueiro testemunharmos deputado correndo com mala recheada de dinheiro e ficando livre , senador recebendo propina e se fazendo de vítima presidente tendo obscuras visitas noturnas na garagem, tudo isso ocorrendo paralelamente a diversos escândalos econômicos.', 'Após tantas desilusões se torna possível compreender um pouco melhor o comportamento da sociedade brasileira, haja esperança e braço forte! A solução, assim como a análise , é altamente complexa . Passa por uma completa faxina política, reforma de leis, fim da impunidade e acima de tudo, voto consciente. Só assim voltaremos a viver um sonho intenso, um raio vívido.']","[200, 200, 200, 200, 200]",1000
2,A democracia estende-se ao STF,"['Nos últimos anos, o Supremo Tribunal Federal ganhou destaques nos debates públicos, principalmente no afastamento da então presidente Dilma Rousseff, na aprovação e recuo da prisão em segunda instância e em algumas polêmicas decisões políticas. O STF, diferentemente do Executivo e do Legislativo, não tem como critério primário ponderar suas ações para agradar a opinião pública, mas garantir o respeito à Constituição. No entanto, a pressão do interesse social sobre a alta maior instância judiciária fortalece a democracia e a supervisão fiscalização dos ministros.', 'Em primeiro lugar, o desejo e insatisfação da população, manifestados e levados em consideração, são sinais de uma democracia consolidada, que se adapta para se manter. A revogação da prisão após julgamento em segunda instância, por exemplo, possuiu um claro equilíbrio entre o desejo do povo e o permitido pela Carta, a ponto de o presidente da Corte deixar claro clara a possibilidade de alterar-se a lei posteriormente. Tal fato demonstra revela os mecanismos do Poder Estado à nação, tornando as pessoas mais sábias quanto às regras democráticas e, logo, repudiadora repudiadoras dos seus infratores. Ressalva-se, porém, que a escolha pela norma nem sempre é de gosto popular, à semelhança da de deixar o réu recorrer em liberdade.', 'Somada a esse benefício democrático, a atenção da sociedade dada à Suprema Corte evidencia o caráter profissional dos de seus membros, enquanto prestadores de serviços à sociedade; e a necessidade de excelência nas funções - sobretudo de defender a Lei Maior -, sob pena de o congresso Congresso adquirir apoio para impedir os ministros. Ou seja, o olhar atento dos cidadãos pode constranger o STF a não repetir desvios, os quais corroboraram as críticas coletivas, como favorecer a candidatura da presidente Dilma, quando a Lei diz que não, e intervir em bancos de dados financeiros, aparentemente sem critério aceitável.', 'Dessa forma, embora caótica, a discussão sobre os atos do Supremo reflete o aperfeiçoamento da democracia. Para validar a influência do povo no judiciário, agora, é necessário que os ministros passem a falar à nação em linguagem menos técnica, explicando o porquê de não aceitar a legitimidade do querer popular. Assim, a sociedade compreenderá o STF, além de participar das decisões políticas e judiciárias com maior sabedoria']","[200, 200, 200, 200, 200]",1000
83,Esporte,"['O bordão brasileiro “esporte é saúde” é uma máxima que ajuda a resumir a importância da prática de exercícios físicos para todas as áreas, da saúde até o social. Desde a Grécia Antiga, o esporte, independente da modalidade, é aclamado pela sua capacidade de, além de garantir a saúde do corpo e da mente, desenvolver os aspectos sociais dos indivíduos. Entretanto, a rotina contemporânea, em associação com o sedentarismo e maus hábitos alimentares, diminui os efeitos do esporte na sociedade.', 'No Brasil, ainda que se valorize algumas modalidades como o futebol, o número de sedentários é quase a metade da população, o que indica que a importância do esporte precisa ser ampliada. No campo da saúde, o esporte desempenha papel fundamental: auxilia no desenvolvimento esquelético-muscular, maximiza a coordenação motora e previne doenças graves, como obesidade e pressão alta.', 'Também, o esporte funciona como elemento de transformação social ao permitir a ascensão de classes e impedir que crianças e adolescentes carentes recorram à criminalidade. Recentemente, os jogos esportivos deram mais uma prova de sua importância: a atleta Rafaela Silva, que nasceu em uma comunidade simples carioca, ganhou a medalha de ouro nos Jogos Olímpicos e mostrou ao mundo a capacidade do esporte em formar e transformar vidas.', 'Além disso, as práticas esportivas criam e reforçam o ideal de coletividade, cooperação e igualdade, de modo que todos os envolvidos sempre ganham em companheirismo e, sobretudo, humanidade.', 'Por esses motivos, a fim de garantir e proporcionar os múltiplos efeitos do esporte, é importante que os núcleos familiares incentivem, desde a primeira infância, a prática de exercícios físicos e que o governo financie projetos esportivos. Para tanto, o Estado deve criar e ampliar infraestrutura esportiva, investir em profissionais de educação física e divulgar, em parceria com a mídia, campanhas de incentivo ao esporte e combate ao sedentarismo.']","[200, 200, 200, 200, 200]",1000
76,,"['No percurso histórico da humanidade, o machismo sempre esteve enraizado na sociedade. A canção de Chico Buarque ""Mulheres de Atenas"" evidencia essa situação, expondo a submissão feminina na cidade Grega e seu papel inferior nas guerras. Concomitantemente no Brasil, esse panorama ainda é evidente, principalmente em uma sociedade patriarcal e conservadora. Contudo, a luta por igualdade de gênero cresce cada vez mais e hoje tanto lugar da mulher na sociedade quanto a luta pelos seus direitos são amplamente discutíveis.', 'Hodiernamente, há uma nítida rotulação de homens e mulheres. Desde criança quando o menino ganha um carinho e um super-herói e a garota recebe de presente uma boneca para cuidar e um kit de cozinha até nas escolhas profissionais, os estereótipos de “feminino” e “masculino” são construídos. Durante toda a vida é notável esse abismo entre os gêneros, gerando reflexos futuros como a ideia de submissão e fragilidade da mulher. Assim, por exemplo, passa a ser natural o homem descansar enquanto sua mulher cuida dos filhos e da casa, sendo difícil atingir uma igualdade entre as tarefas realizadas.', 'Somada a essa construção ideológica, no Brasil, inúmeros coletivos feministas surgiram baseados em ideais europeus anarquistas e socialistas . No entanto, sua pouca expressividade e força no cenário nacional dificultam a conquista dos direitos das mulheres. Isso decorre da dificuldade, falta de incentivo e apoio para espalhar seus ideais, principalmente em uma nação patriarcal. Essa deficiência levou o país a aumentar sua posição no ranking medido pelo Fórum Econômico Mundial (WEF), que avalia a desigualdade entre homens e mulheres no mundo todo.', 'Portanto, é indubitável que a mulher ainda não conquistou direitos iguais aos homens, mas a luta ainda é um desafio e poderia ser ainda mais intensa. Para tentar reverter o quadro de atual da desigualdade de gênero, investimentos governamentais e empresariais a grupos que lutam por causas feministas são importantes. Com isso, seus ideais poderão ser disseminados por toda a nação, contribuindo para a desconstrução das visões machistas ainda presentes. Assim, ideologias do passado retratadas na música de Chico Buarque, “Mirem-se no exemplo daquelas mulheres de Atenas... Sofrem pros seus maridos”, “Despem-se pros maridos” e “Temem por seus maridos” não imperem no mundo contemporâneo.']","[200, 200, 200, 200, 200]",1000
84,O perigo das armas,"['A posse de armas pela população civil gera debates no mundo todo. No Brasil, há um projeto que pretende alterar o Estatuto do Desarmamento para facilitar o uso de armas, mas será que com o uso delas pela sociedade, a criminalidade diminuirá ou conflitos e desastres continuarão acontecendo?', 'O massacre armado ocorrido recentemente em uma boate de Orlando, nos Estados Unidos, revela que a posse de armas não é usada somente para legítima defesa, mas também para praticar o ódio e conflitos humanos (no caso citado, a homofobia).\xa0 Este é um evento notório, mas muitos outros ocorrem pelo mundo sem termos conhecimento. Os seres humanos são imprevisíveis e podem causar desastres em momentos de precipitação.', 'Facilitar o acesso às armas de fogo para maiores de 21 anos e até para pessoas com históricos de homicídios e tráfico de drogas, conforme propõe o projeto de reforma do Estatuto do Desarmamento, é, sem dúvida, facilitar ainda mais o mundo do crime. Enquanto as janelas da revolta e da desigualdade forem maiores que as janelas das oportunidades e da inclusão, a criminalidade não diminuirá.', 'Conclui-se que a facilidade ao porte de armas à população civil apresenta pontos negativos, como o seu uso indiscriminado em situações\xa0conflituosas e a incerteza do sucesso da vítima contra o agressor.\xa0 Não há garantia de melhor qualidade de vida por meio do armamento. Portanto, o Estado deve reforçar a segurança pública como medida de primeiro momento e então, propor inclusão social aos cidadãos e baixar o índice de desigualdade no país, para que a opção de entrar para o mundo do crime não seja a escolha mais promissora das pessoas marginalizadas.']","[200, 200, 200, 200, 200]",1000
